Model,Mean Accuracy,Std Deviation,ROC–AUC Score
AdaBoost,0.7609,0.005877074101966032,0.8406657704910162
LightGBM,0.8661999999999999,0.008675252157718515,0.948194346091834
Random Forest,0.8433999999999999,0.0069238717492455,0.9287405331444963
XGBoost,0.8671,0.009815294188153514,0.9497881584790618
