Model,Accuracy,Precision,Recall,F1-Score,ROC-AUC
Random Forest,0.8790909090909091,0.8664,0.916243654822335,0.890625,0.9514300958383612
LightGBM,0.8818181818181818,0.8797364085667215,0.9035532994923858,0.8914858096828047,0.9473740854134879
XGBoost,0.8672727272727273,0.8454968944099379,0.9213197969543148,0.8817813765182186,0.9391839444981868
AdaBoost,0.6968181818181818,0.6468910439247005,0.9593908629441624,0.7727427597955707,0.8000263447455115
